{
    "port": 4000,
    "authenticationSecret": "THIS IS USED TO SIGN AND VERIFY JWT TOKENS, REPLACE IT WITH YOUR OWN SECRET, IT CAN BE ANY STRING",
    "MONGODB_URL": "database_url",
    "logging": {
        "appenders": {
            "default": {
                "type": "console"
            }
        },
        "categories": {
            "default": {
                "appenders": [
                    "default"
                ],
                "level": "debug"
            }
        }
    },
    "tokenExpireInTime": 600000
}